{"cameraMode":{"drawMode":0,"name":"Shaded","section":"Shading Mode"},"sceneLighting":true,"audioPlay":false,"sceneViewState":{"showFog":true,"showMaterialUpdate":false,"showSkybox":true,"showFlares":true,"showImageEffects":true,"showParticleSystems":true},"in2DMode":false,"pivot":{"x":-1.8133046627044678,"y":1.1737098693847657,"z":-2.033967971801758},"rotation":{"x":0.0011901843827217818,"y":0.005097078159451485,"z":0.000006032725195836974,"w":-0.9999809265136719},"size":6.205234050750732,"orthographic":false}